question,reference
Hợp đồng VN30F2506 đóng cửa tại bao nhiêu điểm vào ngày 12/6?,"Hợp đồng tháng VN30F2506 đóng cửa tại 1.409,2 điểm, tăng +7,4 điểm so với phiên trước."
Chỉ số VN-Index đã tăng bao nhiêu điểm và đóng cửa ở mức nào vào ngày 12/6/2025?,"Kết thúc phiên giao dịch, VN-Index tăng 7,79 điểm, lên mức 1.322,99 điểm."
Giá trị trái phiếu doanh nghiệp sẽ đáo hạn trong năm 2025 là bao nhiêu?,Khoảng 149.439 tỷ đồng trái phiếu doanh nghiệp sẽ đáo hạn trong năm 2025.
Nguyên nhân lợi nhuận sau thuế của Công ty Cáp treo Fansipan Sa Pa giảm trong năm 2024 là gì?,"Nguyên nhân do công ty đã mở rộng phạm vi kinh doanh, tập trung vào các khoản đầu tư trung và dài dạn, làm cho tài sản dài hạn và hàng tồn kho tăng lên đáng kể."
Người trẻ kỳ vọng gì ở ngân hàng số hiện nay?,"Ngân hàng trong mắt người trẻ không còn là nơi để ""gửi tiền cho an toàn"" mà phải là một trải nghiệm số hóa - tiện lợi, cá nhân hóa, hợp gu, thậm chí còn mang tính giải trí."
Cổ phiếu nào là tâm điểm bán ròng mạnh nhất của khối ngoại và cổ phiếu nào được mua ròng tích cực tại thị trường Việt Nam trong tuần qua?,"Đáng chú ý, cổ phiếu VHM tiếp tục là tâm điểm bán ròng mạnh nhất, với lượng bán ròng gần 1.800 tỷ đồng cho thấy sự thoái lui có chủ đích khỏi nhóm cổ phiếu vốn hóa lớn. Ở chiều ngược lại, khối ngoại thể hiện sự quan tâm tích cực với cổ phiếu APG, khi mua ròng tới 413 tỷ đồng – một điểm sáng hiếm hoi trong bức tranh dòng vốn ngoại tuần qua."
Hợp đồng VN30F2506 đóng cửa ở mức giá nào và thay đổi bao nhiêu điểm vào ngày 11/6?,"Hợp đồng tháng VN30F2506 đóng cửa tại 1.401,8 điểm, tăng +4,9 điểm so với phiên trước."
Cổ phiếu nào giao dịch mạnh và sôi động nhất rổ VN30 phiên chiều ngày 11/6/2025?,Cổ phiếu giao dịch mạnh và sôi động nhất rổ VN30 phiên chiều là SHB.
Những nhóm cổ phiếu trụ nào đang dẫn dắt xu hướng và hỗ trợ VN-Index?,"Các nhóm cổ phiếu trụ như ngân hàng, bất động sản, chứng khoán dẫn dắt xu hướng, tạo lực đỡ cho VN-Index."
"Trái phiếu do CBI xác nhận có chênh lệch ""greenium"" như thế nào so với trái phiếu thông thường?",Trái phiếu do CBI xác nhận thường có chênh lệch cao hơn khoảng 8 bps so với trái phiếu thông thường.
Chỉ số VN-Index cuối tháng 5 đạt mức nào và tăng trưởng ra sao so với tháng trước?,"Kết thúc tháng 5, chỉ số VN-Index đạt mức 1.332,6 điểm, tăng gần 9% so với tháng trước và vượt đỉnh 3 năm."
"Tính đến tuần đầu tháng 6, Kho bạc Nhà nước đã nâng tổng giá trị huy động trái phiếu chính phủ từ đầu năm lên bao nhiêu và đạt tỷ lệ nào so với kế hoạch năm?","Kho bạc Nhà nước tiếp tục duy trì nhịp phát hành ổn định trong tuần đầu tháng 6, nâng tổng giá trị huy động từ đầu năm lên hơn 173.000 tỷ đồng, đạt 35% kế hoạch năm."
Tổng giá trị phát hành trái phiếu doanh nghiệp tính từ đầu năm 2025 đến nay là bao nhiêu?,"Tính từ đầu năm 2025 đến nay, tổng giá trị phát hành trái phiếu doanh nghiệp đã lên tới 142.527 tỷ đồng."
Hợp đồng VN30F2506 đóng cửa tại điểm nào và thay đổi ra sao vào ngày 10/6/2025?,"Hợp đồng tháng hiện tại VN30F2506 đóng cửa tại 1.396,9 điểm, giảm -0,1 điểm so với phiên kế trước."
Giá trị mua ròng của khối ngoại trong phiên giao dịch ngày 10/6 là bao nhiêu?,"Trước bối cảnh đó, giao dịch khối ngoại là điểm cộng khi trở lại mua ròng 264 tỷ đồng phiên hôm nay."
Động lực chính của hoạt động mua lại trái phiếu trong tháng 5 đến từ nhóm ngành nào?,"Trong đó, động lực chính đến từ nhóm bất động sản với tỷ trọng 53,2%, tiếp theo là nhóm tổ chức tín dụng chiếm 45,6%."
Tổng doanh thu của VinFast trong quý 1/2025 và mức tăng trưởng so với quý 1/2024 là bao nhiêu?,"Tổng doanh thu của công ty đạt 16.306,4 tỷ đồng (656,5 triệu USD) trong quý đầu tiên của năm 2025, tăng 149,9% so với quý 1/2024."
"Theo chuyên gia, dòng tiền thông minh có xu hướng tìm đến các nhóm cổ phiếu nào trong giai đoạn tới?","Theo chuyên gia, trong giai đoạn tới dòng tiền thông minh có xu hướng tìm đến các nhóm cổ phiếu phòng thủ, doanh nghiệp có triển vọng lợi nhuận quý II tích cực hoặc ít chịu ảnh hưởng từ yếu tố thuế quan."
"Theo Quyết định số 271/QĐ-XPHC, lý do Công ty cổ phần chứng khoán Thiên Việt bị phạt 125 triệu đồng là gì?",Do có hành vi vi phạm quy định về nhận lệnh và thực hiện lệnh giao dịch của khách hàng.
Tỉnh Quảng Ninh đã điều chỉnh giảm vốn đầu tư công trung hạn giai đoạn 2021-2025 với số tiền cụ thể là bao nhiêu theo nghị quyết tại Kỳ họp thứ 27?,Hơn 1.157 tỷ đồng.
"Tính đến cuối năm 2024, tổng thu ngân sách nhà nước đạt được là bao nhiêu và đạt tỷ lệ nào so với mục tiêu giai đoạn 2021-2025?","Tính đến cuối năm 2024, tổng thu ngân sách nhà nước đạt khoảng 7,225 triệu tỷ đồng, đạt 87,1% so mục tiêu giai đoạn 2021-2025."
Các chính sách đề xuất cho trung tâm tài chính quốc tế Việt Nam được đánh giá đột phá trong những lĩnh vực nào?,"Các chính sách đề xuất được đánh giá là đột phá, đặc biệt trong lĩnh vực thuế, đất đai, hạ tầng, nhân lực, bảo hiểm."
"Tổng số tiền miễn, giảm, gia hạn thuế, tiền thuê đất trong 5 tháng đầu năm 2025 là bao nhiêu?","5 tháng đầu năm 2025, miễn, giảm, gia hạn thuế, tiền thuê đất khoảng 88.000 tỷ đồng."
Ông Arnaud Ginolin đã trình bày báo cáo nào tại sự kiện ngày 12/6?,“Vietnam AI Economy 2025”.
Tại sao giá trị hoàn lại thường thấp hơn số phí khách hàng đã đóng trong những năm đầu của hợp đồng bảo hiểm?,"Trong những năm đầu của hợp đồng bảo hiểm, giá trị hoàn lại thường thấp hơn số phí khách hàng đã đóng vì phần lớn khoản phí này được dùng để chi trả cho các chi phí ban đầu như thẩm định hồ sơ, phát hành hợp đồng... và chi phí quản lý. Bên cạnh đó, hợp đồng còn trừ định kỳ các chi phí bảo hiểm rủi ro để duy trì quyền lợi bảo vệ cho khách hàng. Do đó, phần còn lại để tích lũy vào giá trị tài khoản chưa nhiều và cũng chưa có đủ thời gian để sinh lãi."
Tổng Bí thư Tô Lâm đánh giá Litva có vai trò tiên phong trong những lĩnh vực nào?,"Tổng Bí thư Tô Lâm đánh giá cao và chúc mừng những thành tựu mà Litva đã đạt được trong phát triển kinh tế-xã hội, đặc biệt là vai trò tiên phong trong các lĩnh vực công nghệ thông tin, công nghệ tài chính (Fintech), trí tuệ nhân tạo (AI) và an ninh mạng - những lĩnh vực then chốt trong quá trình chuyển đổi số toàn cầu hiện nay, qua đó ngày càng nâng cao uy tín, vị thế của Litva trong khu vực."
Khả năng thực hiện vốn cho hơn 10 công trình trọng điểm đầu tư công của Bình Thuận giai đoạn 2026 - 2030 là bao nhiêu?,"Trên cơ sở đề xuất của các cơ quan và dự kiến khả năng cân đối, đề xuất UBND tỉnh chọn hơn 10 công trình trọng điểm đầu tư công giai đoạn 2026 - 2030, với khả năng thực hiện hơn 10.000 tỷ đồng."
Chỉ số US Dollar Index (DXY) trên thị trường Mỹ hiện đứng ở mức nào và thay đổi ra sao?,"Trên thị trường Mỹ, chỉ số DXY hiện ở mức 99,06 điểm, tăng 0,12%."
Giá thu mua tiêu trung bình tại các địa bàn trọng điểm ngày 11/6 là bao nhiêu?,Hiện giá thu mua tiêu trung bình tại các địa bàn trọng điểm 141.800 đồng/kg.
"Giá vàng thế giới quy đổi theo tỷ giá hiện hành tại Vietcombank là bao nhiêu, chưa tính thuế và phí?","Quy đổi theo tỷ giá hiện hành tại Vietcombank, giá vàng thế giới tương đương với 103,591 triệu đồng/lượng (chưa tính thuế, phí)."
Mức tăng và giá dự kiến của xăng RON 95-III vào ngày 12/6/2025 là bao nhiêu?,Giá xăng RON 95-III hôm nay có thể tăng 217 đồng lên mức 19.907 đồng/lít.
"Tỷ giá USD trên thị trường ""chợ đen"" ngày 12/6/2025 giao dịch quanh mốc nào?",26.272 - 26.372 VND/USD.
Tỷ giá USD tại Vietcombank sáng ngày 10/6/2025 là bao nhiêu?,"Cụ thể, Vietcombank có mức 25.830 - 26.220 VND/USD giữ nguyên cả 2 chiều mua –bán so với phiên giao dịch trước."
"Tính đến ngày 31/5/2025, kim ngạch xuất, nhập khẩu hàng hóa đạt bao nhiêu và tăng trưởng như thế nào so với cùng kỳ năm 2024?","Kim ngạch xuất, nhập khẩu hàng hóa đạt 355,79 tỷ USD, tăng 15,7% (tương ứng tăng 48,22 tỷ USD) so với cùng kỳ năm 2024."
"Giá vàng thế giới quy đổi theo tỷ giá Vietcombank ngày 10/06/2025 là bao nhiêu, chưa tính thuế và phí?","Quy đổi theo tỷ giá hiện hành tại Vietcombank, giá vàng thế giới tương đương với mức giá khoảng 103,639 triệu đồng/lượng (chưa tính thuế, phí)."
Vàng miếng SJC đang đắt hơn giá vàng thế giới khoảng bao nhiêu vào ngày 12/6?,Vàng miếng SJC đang đắt hơn giá vàng thế giới khoảng 13 triệu đồng/lượng.
Giá niêm yết bạc Phú Quý (mua vào và bán ra) của Tập đoàn Vàng bạc Đá quý Phú Quý (Hà Nội) vào sáng 12/6 là bao nhiêu?,"Tập đoàn Vàng bạc Đá quý Phú Quý (Hà Nội), niêm yết giá bạc Phú Quý ở mức 1.393.000 đồng/lượng (mua vào) và 1.436.000 đồng/lượng (bán ra)."
Diễn biến chính của các hợp đồng tương lai và thanh khoản trên thị trường chứng khoán phái sinh ngày 9/6/2025 là gì?,"Các hợp đồng tương lai tiếp tục giảm điểm trên thị trường chứng khoán phái sinh phiên giao dịch ngày 9/6. Mức giảm của các hợp đồng tương đối lớn, tương tự thị trường cơ sở. Thanh khoản thị trường tiếp tục giảm so với phiên giao dịch trước đó."
Ngành nào là nhóm có mức giảm mạnh nhất thị trường trong phiên giao dịch ngày 9/6/2025?,"Ngành bất động sản là nhóm có mức giảm mạnh nhất thị trường, trong đó các mã VIC và VHM giảm hết biên độ."
Ngày đăng ký cuối cùng để cổ đông VIX thực hiện quyền nhận cổ tức bằng cổ phiếu năm 2024 là ngày nào?,Ngày đăng ký cuối cùng để thực hiện quyền là 19/6/2025.
Vốn điều lệ của VINARE dự kiến tăng lên bao nhiêu sau khi thực hiện phương án chi trả cổ tức năm 2024 bằng cổ phiếu?,"Sau khi thực hiện phương án chi trả cổ tức năm 2024 bằng cổ phiếu, vốn điều lệ của tổng công ty dự kiến sẽ tăng lên 2.006 tỷ đồng."
Ban lãnh đạo Rạng Đông đặc biệt lưu ý bao nhiêu nguy cơ trọng yếu có thể ảnh hưởng đến sức khoẻ doanh nghiệp trong giai đoạn tới?,"Trong bối cảnh đầy biến động này, ban lãnh đạo Rạng Đông đặc biệt lưu ý 3 nguy cơ trọng yếu có thể ảnh hưởng đến sức khoẻ của doanh nghiệp trong giai đoạn tới."
"Tính đến ngày 16/5/2025, Kho bạc Nhà nước đã phát hành bao nhiêu tỷ đồng trái phiếu Chính phủ và đạt bao nhiêu phần trăm kế hoạch cả năm?","Kho bạc Nhà nước đã phát hành 158.780 tỷ đồng trái phiếu Chính phủ, đạt 31,8% kế hoạch cả năm (500.000 tỷ đồng)."
Nghị quyết 68-NQ/TW đặt mục tiêu gì cho khu vực kinh tế tư nhân đến năm 2030?,Đến năm 2030 khu vực kinh tế tư nhân đóng góp 60 - 65% GDP và giữ vai trò chủ lực trong nhiều ngành.
"Nếu thị trường chứng khoán Việt Nam được nâng hạng vào tháng 9/2025, dự kiến sẽ thu hút được bao nhiêu vốn từ ETF và quỹ chủ động trong giai đoạn đầu?","Nếu được nâng hạng trong tháng 9/2025, thị trường chứng khoán Việt Nam có thể thu hút khoảng 700 triệu - 1,5 tỷ USD từ ETF và quỹ chủ động trong giai đoạn đầu."
Chỉ số VN-Index đóng cửa ở mức nào và thay đổi ra sao trong tuần giao dịch từ 2/6 đến 6/6?,"Đóng cửa tuần giao dịch 2 - 6/6, chỉ số VN-Index ở mức 1.329,89 điểm, giảm nhẹ 2,71 điểm (-0,20%)."
Mục tiêu về số lượng tài khoản nhà đầu tư cá nhân trong nước đã đạt được như thế nào tính đến cuối tháng 5?,"Đến cuối tháng 5, nhà đầu tư cá nhân trong nước có tổng cộng hơn 10 triệu tài khoản, tương đương 10% dân số, hoàn thành mục tiêu trước thời hạn 2025."
Nghị quyết 68-NQ/TW được đánh giá mang lại hiệu ứng gì cho các doanh nghiệp niêm yết và thị trường chứng khoán?,"Nghị quyết 68-NQ/TW tạo hiệu ứng tích cực cho các doanh nghiệp niêm yết. Thời gian tới, thị trường chứng khoán sẽ đón nhận sự gia tăng của các doanh nghiệp tham gia vào thị trường, doanh nghiệp cũng có thể nhận thấy thị trường chứng khoán là kênh huy động vốn dài hạn."
Cuộc họp song phương thường niên lần thứ 13 giữa Ủy ban Chứng khoán Nhà nước Việt Nam và Ủy ban Chứng khoán Lào diễn ra khi nào và ở đâu?,"Ngày 5/6/2024, tại Luông-Pha-Băng, Ủy ban Chứng khoán Nhà nước (UBCKNN) đã có cuộc họp song phương thường niên lần thứ 13 với Ủy ban Chứng khoán Lào (LSCO)."
Hợp đồng VN30F2506 đóng cửa ở mức nào và thay đổi bao nhiêu điểm vào ngày 6/6?,"Hợp đồng tháng hiện tại VN30F2506 đóng cửa tại 1.413,6 điểm, giảm -13,4 điểm so với phiên kế trước."
Khối ngoại đã bán ròng bao nhiêu trên sàn HOSE trong phiên giao dịch ngày 6/6/2025?,"Trên HOSE, khối ngoại bán ròng mạnh 2.042 tỷ đồng."
"Theo Nghị quyết 68-NQ/TW, khu vực kinh tế tư nhân đặt mục tiêu đóng góp bao nhiêu phần trăm vào GDP đến năm 2030?",Đến năm 2030 khu vực kinh tế tư nhân đóng góp 60–65% GDP và giữ vai trò chủ lực trong nhiều ngành.
TPS dự kiến phát hành trái phiếu tối đa bao nhiêu trong năm 2025?,TPS dự kiến phát hành trái phiếu tối đa 3.000 tỷ đồng trong năm 2025.
Điểm đóng cửa và mức thay đổi của hợp đồng VN30F2506 trong phiên 5/6 là gì?,"Hợp đồng tháng hiện tại VN30F2506 đóng cửa tại 1.427 điểm, giảm -3 điểm so với phiên kế trước."
"Trong khoảng thời gian từ ngày 10/4 đến cuối tháng 5/2025, những quỹ mở nào đạt mức lợi nhuận trên 20% và tỷ suất lợi nhuận cụ thể của từng quỹ là bao nhiêu?","Cụ thể, trong khoảng thời gian từ ngày 10/4 đến cuối tháng 5, một số quỹ mở tiêu biểu đạt mức lợi nhuận trên 20%, như DCDS tăng 26,41%, VCAMDF đạt 26,26%, VCBF-BCF ghi nhận 23,51%, BVFED 20,75%, UVEEF 20,59% và VINACAPITAL-VESAF 20,29%."
Khối lượng giao dịch bình quân sản phẩm hợp đồng tương lai chỉ số VN30 tháng 5/2025 là bao nhiêu và giảm bao nhiêu phần trăm so với tháng trước?,"Khối lượng giao dịch bình quân sản phẩm hợp đồng tương lai chỉ số VN30 đạt 184.904 hợp đồng/phiên, giảm 29,96% so với tháng trước."
Kho bạc Nhà nước đã huy động được bao nhiêu tỷ đồng qua hình thức đấu thầu trái phiếu chính phủ trong 5 tháng đầu năm 2025?,"Lũy kế 5 tháng đầu năm 2025, Kho bạc Nhà nước đã huy động được 170.917 tỷ đồng qua hình thức đấu thầu trái phiếu chính phủ, đạt 34,2% kế hoạch cả năm."
Chỉ số VN-Index đã thay đổi như thế nào khi kết thúc phiên giao dịch ngày 5/6/2025?,"Kết thúc phiên giao dịch, VN-Index giảm -3,65 điểm và giữ ở mức 1.342,09 điểm khi đóng cửa."
VN-Index trong tháng 5 đã ghi nhận sự hồi phục mạnh như thế nào?,"VN-Index trong tháng 5 đã ghi nhận sự hồi phục mạnh từ vùng 1.160 điểm lên đến 1.340 điểm, tương đương mức tăng khoảng 15%."
Kỳ vọng tăng trưởng của các doanh nghiệp niêm yết trên HOSE trong năm 2025 là bao nhiêu phần trăm?,Kỳ vọng tăng trưởng của các doanh nghiệp niêm yết trên HOSE sẽ đạt từ 12 - 17% trong năm 2025.
Giá trị vốn hóa cổ phiếu trên HOSE vào cuối tháng 5/2025 là bao nhiêu và đã tăng trưởng như thế nào so với tháng trước?,"Giá trị vốn hóa cổ phiếu trên HOSE đạt hơn 5,72 triệu tỷ đồng, tăng 11,76% so với tháng trước."
Chứng khoán Dầu khí bị xử phạt bao nhiêu tiền do mắc nhiều sai phạm?,Chứng khoán Dầu khí bị xử phạt 860 triệu đồng.
Khoảng cách chênh lệch của hợp đồng VN30F2506 so với chỉ số cơ sở vào ngày 4/6 ở mức nào?,"Mức giảm của hợp đồng này lớn hơn mức giảm của chỉ số cơ sở nên khoảng cách chênh lệch mở rộng với mức âm -5,28 điểm."
"Kết phiên ngày 4/6, VN-Index thay đổi ra sao và chốt ở mức nào?","Kết thúc phiên giao dịch, VN-Index giảm -1,51 điểm và giữ ở mức 1.345,74 điểm."
"Theo Thông tư số 19/2025/TT-BTC, công ty đại chúng bị hủy tư cách trong những trường hợp nào?","công ty đại chúng bị hủy tư cách công ty đại chúng khi không còn đáp ứng một trong các điều kiện của công ty đại chúng quy định; không thực hiện công bố thông tin trong 02 năm liên tục về báo cáo tài chính năm được kiểm toán; không thực hiện công bố thông tin trong 2 năm liên tục về nghị quyết đại hội đồng cổ đông thường niên. Trong 1 năm kể từ ngày Ủy ban Chứng khoán Nhà nước xác nhận hoàn tất việc đăng ký công ty đại chúng hoặc kể từ ngày kết thúc đợt chào bán ra công chúng, công ty không thực hiện đăng ký cổ phiếu tại Tổng công ty lưu ký và bù trừ chứng khoán Việt Nam hoặc không thực hiện đăng ký niêm yết, đăng ký giao dịch cổ phiếu trên Sở Giao dịch chứng khoán."
P/E trailing của VN-Index hiện tại là bao nhiêu?,"P/E trailing của VN-Index hiện khoảng 12,9 lần, tương đương mức đầu năm và thấp hơn khoảng 16% so với trung bình 10 năm."
"Theo dự thảo Nghị quyết về triển khai thí điểm thị trường tài sản mã hóa tại Việt Nam, quy định về vốn điều lệ thực góp tối thiểu cho tổ chức vận hành sàn giao dịch tài sản mã hóa là gì?","Theo đó, tổ chức vận hành sàn giao dịch tài sản mã hóa phải có vốn điều lệ thực góp tối thiểu 10.000 tỷ đồng, mức yêu cầu cao hơn cả một số ngành như: ngân hàng, bảo hiểm hay hàng không."
"Theo dự báo của VBMA, tổng giá trị trái phiếu đến hạn thanh toán từ nay đến cuối năm 2025 là bao nhiêu?",Từ nay đến cuối năm 2025 sẽ có 151.870 tỷ đồng trái phiếu đến hạn thanh toán.
"Trong tuần từ 26/5 – 30/5, giá trị giao dịch outright bình quân mỗi ngày trên thị trường thứ cấp là bao nhiêu và có mức tăng trưởng nào so với tuần trước?","Giá trị giao dịch outright bình quân mỗi ngày đạt 13.646 tỷ đồng/phiên, tăng 12,9% so với tuần trước."
"Theo SSI Research, những cổ phiếu nào nhiều khả năng bị giảm tỷ trọng mạnh trong kỳ tái cơ cấu ETF quý II/2025 và do đâu?",VIC và VHM nhiều khả năng bị giảm tỷ trọng mạnh do vượt ngưỡng quy định.
Vốn điều lệ của Hòa Phát sẽ thay đổi cụ thể như thế nào sau đợt chia cổ tức bằng cổ phiếu tới đây?,"Sau đợt chia cổ tức này, vốn điều lệ của Hòa Phát sẽ tăng từ 63.963 tỷ đồng lên mức 76.755 tỷ đồng."
Khoảng cách chênh lệch của hợp đồng VN30F2506 vào ngày 3/6/2025 là bao nhiêu?,"Mức tăng của hợp đồng này lớn hơn mức tăng của chỉ số cơ sở, nên khoảng cách chênh lệch thu hẹp với mức -2,97 điểm."
Mức đỉnh mới của năm mà chỉ số VN-Index thiết lập vào ngày 3/6/2025 là bao nhiêu điểm?,"Kết thúc phiên giao dịch, VN-Index tăng +10,95 điểm, lên mức 1.347,25 điểm."
Việc Hệ thống KRX chính thức đi vào hoạt động trong tháng 5 vừa qua mang ý nghĩa gì đối với thị trường chứng khoán Việt Nam?,"Tháng 5 vừa qua, Hệ thống KRX chính thức đi vào hoạt động đánh dấu bước ngoặt quan trọng trong việc nâng cấp hạ tầng thị trường chứng khoán Việt Nam, tiến gần hơn tới các tiêu chuẩn quốc tế và mục tiêu nâng hạng trong năm 2025."
Hợp đồng VN30F2506 ngày 2/6 đóng cửa ở mức giá nào và thay đổi bao nhiêu điểm so với phiên trước?,"Hợp đồng tháng hiện tại VN30F2506 đóng cửa tại 1.415,1 điểm, giảm -4,4 điểm so với phiên kế trước."
Cổ phiếu nào bị khối ngoại bán ròng mạnh nhất toàn thị trường trong phiên ngày 2/6/2025?,"Chiều bán, cổ phiếu HPG bị khối ngoại bán ròng mạnh nhất toàn thị trường với giá trị 136 tỷ đồng."
Mục tiêu lợi nhuận sau thuế của Thủy sản Minh Phú trong năm 2025 là bao nhiêu?,Lợi nhuận sau thuế 997 tỷ đồng.
"Theo ông Vũ Duy Khánh, những lợi ích cụ thể của quy định cho phép nhà đầu tư nước ngoài mở nhiều tài khoản đầu tư gián tiếp tại một ngân hàng bằng đồng Việt Nam là gì?","Quy định cho phép nhà đầu tư nước ngoài mở nhiều tài khoản đầu tư gián tiếp tại một ngân hàng bằng đồng Việt Nam giúp chuẩn hóa giao dịch, tăng minh bạch và giảm rủi ro pháp lý – yếu tố quan trọng với các quỹ lớn như ETF hay quỹ chủ động. Việc tập trung dòng vốn còn đơn giản hóa kiểm soát, báo cáo và công bố thông tin, qua đó củng cố niềm tin vào độ an toàn của thị trường."
Mức điểm đóng cửa và mức tăng của VN-Index trong tuần từ 26/05 đến 30/05 là bao nhiêu?,"Đóng cửa tuần giao dịch 26/05 - 30/05, chỉ số VN-Index ở mức 1.332,60 điểm, tăng 18,14 điểm (+1,38%)."
Lý do ông Nguyễn Văn Tuấn xin từ nhiệm chức danh thành viên Hội đồng quản trị Viglacera là gì?,"Trong đơn, ông Nguyễn Văn Tuấn nêu rõ lý do từ nhiệm là để tập trung thời gian thực hiện các công việc theo kế hoạch."
Doanh thu hợp nhất và lợi nhuận trước thuế hợp nhất của Vietjet năm 2024 là bao nhiêu?,"Doanh thu hợp nhất đạt 72.045 tỷ đồng, lợi nhuận trước thuế đạt hơn 1.823 tỷ đồng."
Hợp đồng VN30F2506 đóng cửa ngày 30/5/2025 ở mức điểm nào và ghi nhận mức giảm bao nhiêu?,"Hợp đồng tháng hiện tại VN30F2506 đóng cửa tại 1.419,5 điểm, giảm -4,2 điểm so với phiên kế trước."
VN-Index đóng cửa ngày 30/5 giảm bao nhiêu điểm và ở mức nào?,"Vn-Index giảm -9,26 điểm và về mức 1.332,6 điểm."
Giao dịch bảo lãnh khoản vay không ràng buộc trị giá 79 triệu USD mang lại lợi ích gì cho GELEX?,"Giao dịch này không chỉ giúp GELEX đa dạng hóa nguồn vốn với chi phí cạnh tranh, mà còn mở rộng khả năng tiếp cận các định chế tài chính hàng đầu thế giới – mà không cần cam kết mua hàng hoặc ràng buộc thương mại với bên tài trợ."
Thông tư số 03/2025/TT-NHNN đã đơn giản hóa yêu cầu nào đối với hồ sơ mở tài khoản của nhà đầu tư nước ngoài?,"Theo Thông tư số 03/2025/TT-NHNN, nhà đầu tư nước ngoài không còn phải hợp pháp hóa lãnh sự hồ sơ khi mở tài khoản, giúp rút ngắn thời gian mở tài khoản."
Group Bắc Việt bị phạt hơn 112 triệu đồng vì lý do gì?,"Công ty còn bị phạt hơn 112 triệu đồng do không mời đại diện tổ chức kiểm toán được chấp thuận thực hiện kiểm toán báo cáo tài chính năm của công ty dự họp đại hội đồng cổ đông thường niên trong trường hợp Báo cáo kiểm toán báo cáo tài chính năm của công ty có khoản ngoại trừ trọng yếu, ý kiến kiểm toán trái ngược hoặc từ chối."
Hợp đồng VN30F2506 đóng cửa ra sao và khoảng cách chênh lệch âm với chỉ số cơ sở thay đổi thế nào trong phiên 29/5?,"Hợp đồng tháng hiện tại VN30F2506 đóng cửa tại 1.423,7 điểm, tăng +2,5 điểm so với phiên kế trước. Mức tăng của hợp đồng này trái ngược với mức giảm của chỉ số cơ sở nên khoảng cách chênh lệch âm thu hẹp với mức -7,87 điểm."
Giá trị bán ròng của khối ngoại trên sàn HOSE trong phiên giao dịch ngày 29/5 là bao nhiêu?,"Trên HOSE, khối ngoại bán ròng xấp xỉ 256 tỷ đồng."
Nguyên nhân khiến HOSE chuyển cổ phiếu SMC sang diện cảnh báo là gì?,HOSE chuyển cổ phiếu SMC sang diện cảnh báo do lợi nhuận chưa phân phối báo âm trong năm 2024.
"Theo thông tin cung cấp, lý do chính khiến thị trường chứng khoán toàn cầu giảm điểm trong phiên 28/5 là gì?",Thị trường chứng khoán toàn cầu đồng loạt giảm điểm trong phiên 28/5 khi sự lạc quan về việc căng thẳng thuế quan hạ nhiệt đã tan biến.
VNDIRECT đã hoàn tất tăng vốn điều lệ lên bao nhiêu và bằng hình thức nào?,"Đồng thời, VNDIRECT đã hoàn tất tăng vốn điều lệ lên 15.223 tỷ đồng thông qua chào bán cổ phiếu cho cổ đông hiện hữu."
"Theo báo cáo của FiinGroup, nguyên nhân nào khiến thị trường biến động mạnh trong tháng 4/2025?",Kế hoạch áp thuế lên tới 46% của Mỹ đối với hàng hóa Việt Nam.
Hợp đồng VN30F2506 đóng cửa tại mức điểm nào vào ngày 28/5?,"Hợp đồng tháng VN30F2506 đóng cửa tại 1.421,2 điểm."
Nhóm cổ phiếu nào đóng vai trò chủ yếu trong việc kéo VN-Index tăng điểm vào ngày 28/5?,Nhóm cổ phiếu Vingroup.
Mức tăng trưởng lợi nhuận sau thuế của khối ngân hàng thương mại tư nhân trong quý I/2025 so với quý trước là bao nhiêu?,"Khối ngân hàng thương mại tư nhân ghi nhận mức tăng trưởng ấn tượng 22,6% so với quý trước."
"Đến nay, chương trình học bổng “Ươm tạo nhà khoa học trẻ KBSV – ĐHQGHN” đã trao tặng bao nhiêu suất học bổng và tổng giá trị là bao nhiêu?","Đến nay, chương trình đã trao tặng 120 suất học bổng với giá trị 3 tỷ đồng cho các bạn sinh viên xuất sắc."
Nguyên nhân chủ yếu nào khiến Yeah1 điều chỉnh kế hoạch kinh doanh của công ty mẹ giai đoạn 2025 - 2026 với doanh thu và lợi nhuận sụt giảm so với năm 2024?,Nguyên nhân chủ yếu đến từ sự suy giảm ở mảng ở mảng truyền thông và bản quyền số.
Khối ngoại đã mua ròng trái phiếu chính phủ với tổng giá trị bao nhiêu trong tuần từ 19/5 đến 23/5?,207 tỷ đồng.
"Lũy kế từ đầu năm, tổng giá trị phát hành trái phiếu doanh nghiệp là bao nhiêu?","Lũy kế từ đầu năm, tổng giá trị phát hành trái phiếu doanh nghiệp đã lên tới 91.918 tỷ đồng."
Thanh khoản toàn thị trường chứng khoán phái sinh ngày 27/5 như thế nào so với phiên giao dịch trước đó?,Thanh khoản toàn thị trường chứng khoán phái sinh thu hẹp so với phiên giao dịch trước đó.
Nguyên nhân nào được ông Đào Minh Châu nêu bật cho sự tăng trưởng vượt trội của nhóm cổ phiếu Vingroup trong tháng 5?,"“Sự tăng trưởng mạnh của nhóm Vingroup đến từ kết quả kinh doanh quý I tăng hơn 160% cùng chính sách gỡ bỏ giới hạn sở hữu cổ phiếu Vinfast, tạo hiệu ứng tâm lý tích cực và thu hút dòng tiền. Ngoài ra, tỷ trọng cổ phiếu Vin trong danh mục nhiều quỹ ngoại thấp suốt 2 năm khiến họ phải tái cơ cấu, tăng tỷ trọng nắm giữ và củng cố đà tăng giá” - ông Châu nhận định."
Diễn biến chỉ số VN-Index trong phiên giao dịch ngày 27/5 như thế nào?,"Kết thúc phiên giao dịch, VN-Index tăng 7,3 điểm, lên mức 1.339,81 điểm."
"Theo dự báo của Chứng khoán Yuanta, những mã cổ phiếu lớn nào sẽ được mua ròng mạnh và những mã nào chịu áp lực bán đáng kể trong kỳ tái cơ cấu danh mục ETF quý II/2025?","Theo dự báo của Chứng khoán Yuanta, không có cổ phiếu mới được thêm hay loại ra, nhưng nhiều mã lớn như SHB được mua ròng mạnh, trong khi VIC, VHM và HPG chịu áp lực bán đáng kể."
Dệt may Thành Công sử dụng nguồn vốn nào để chia cổ phiếu thưởng tỷ lệ 10%?,"Nguồn vốn thực hiện đến từ quỹ đầu tư phát triển, với số dư ghi nhận trên báo cáo tài chính riêng tại thời điểm 31/12/2024 đạt hơn 222,8 tỷ đồng."
Nhóm cổ phiếu nào đã dẫn dắt thị trường ghi nhận tuần giao dịch tích cực?,Thị trường ghi nhận tuần giao dịch tích cực được dẫn dắt bởi nhóm cổ phiếu vốn hóa lớn.
WinCommerce dự kiến mở thêm bao nhiêu cửa hàng trong năm 2025 và tập trung vào khu vực nào?,"Năm 2025, WinCommerce dự kiến mở thêm 800-1.000 cửa hàng, nâng tổng số điểm bán lên hơn 4.500, khoảng 70% cửa hàng mới sẽ tập trung tại khu vực nông thôn."
Nguyên nhân Gỗ Trường Thành không trả cổ tức năm 2024 là gì?,"Gỗ Trường Thành cho biết, công ty sẽ tiếp tục không chia cổ tức trong năm 2024 và 2025, nhằm ưu tiên nguồn lực cho tái đầu tư, tái cấu trúc và củng cố năng lực sản xuất."
Hợp đồng VN30F2506 đóng cửa ngày 26/5 ở mức điểm nào và thay đổi ra sao so với phiên trước?,"Hợp đồng tháng VN30F2506 đóng cửa tại 1.416,5 điểm, tăng +10 điểm so với phiên trước."
"Kết thúc phiên giao dịch ngày 26/5, VN-Index tăng bao nhiêu điểm và đạt mức nào?","Kết thúc phiên giao dịch, VN-Index tăng 18,05 điểm, lên mức 1.332,51 điểm."
Khoảng bao nhiêu tỷ đồng trái phiếu được chi trả trong quý II/2025?,Khoảng 47.500 tỷ đồng trái phiếu được chi trả trong quý II/2025.
"Thủ đoạn lừa đảo ""rút thanh khoản"" (rug pull) trong các dự án tài sản mã hóa được mô tả như thế nào?","Các dự án thường được quảng bá rầm rộ để thu hút người dùng mua token, sau đó đội ngũ phát triển bất ngờ rút toàn bộ tiền thanh khoản khỏi sàn phi tập trung. Kết quả là giá trị token sụp đổ chỉ sau một đêm, nhà đầu tư không kịp trở tay."
"Công ty CP Cơ khí và Khoáng sản Hà Giang (HGM) chi trả cổ tức đợt 3/2024 bằng tiền mặt với tỷ lệ bao nhiêu, và cổ đông sở hữu 1 cổ phiếu sẽ nhận được bao nhiêu tiền?","Công ty CP Cơ khí và Khoáng sản Hà Giang (mã Ck: HGM) thông báo tạm ứng cổ tức đợt 3/2024, ngày 27/5 sẽ chốt danh sách cổ đông chi trả cổ tức với tỷ lệ 88% bằng tiền mặt, tương ứng cổ đông sở hữu 1 cổ phiếu sẽ được nhận 8.800 đồng."
"Theo Nghị quyết 198/2025/QH15, doanh nghiệp công nghệ cao, SME và khởi nghiệp sáng tạo sẽ được hỗ trợ giảm tiền thuê đất như thế nào?","Một trong những nội dung quan trọng của nghị quyết là quy định doanh nghiệp công nghệ cao, SME và khởi nghiệp sáng tạo sẽ được hỗ trợ giảm tối thiểu 30% tiền thuê đất trong 5 năm đầu từ thời điểm ký hợp đồng với chủ đầu tư khu, cụm công nghiệp hoặc vườn ươm công nghệ."
Kế hoạch lợi nhuận trước thuế và lợi nhuận sau thuế của VIX cho năm 2025 là bao nhiêu?,Lợi nhuận trước thuế và lợi nhuận sau thuế đạt 1.500 và 1.200 tỷ đồng.
Chỉ số VN-Index đóng cửa tuần giao dịch 19/05 - 23/05 ở mức bao nhiêu điểm và thay đổi như thế nào so với tuần trước?,"Đóng cửa tuần giao dịch 19/05 - 23/05, chỉ số VN-Index ở mức 1.314,46 điểm, tăng 13,07 điểm (+1,00%)."
Thông tư số 03/2025/TT-NHNN đã loại bỏ yêu cầu nào đối với nhà đầu tư nước ngoài khi mở tài khoản vốn đầu tư gián tiếp?,"Đặc biệt, Thông tư số 03/2025/TT-NHNN không yêu cầu nhà đầu tư nước ngoài mở tài khoản vốn đầu tư gián tiếp phải thực hiện thủ tục hợp pháp hóa lãnh sự cho các hồ sơ như: Giấy phép kinh doanh, Điều lệ tổ chức hay chứng nhận đăng ký quỹ đầu tư - vốn là những tài liệu do cơ quan có thẩm quyền nước ngoài cấp."
Kết quả đóng cửa của các hợp đồng tương lai trên thị trường chứng khoán phái sinh ngày 23/5 như thế nào?,"Các hợp đồng tương lai đóng cửa phân hóa với 3 hợp đồng tăng điểm, 1 hợp đồng giảm điểm."
Tình hình khối lượng khớp lệnh trên HOSE trong phiên giao dịch ngày 23/5/2025 như thế nào so với phiên trước và mức bình quân 20 phiên?,"Khối lượng khớp lệnh hôm nay sụt giảm mạnh (-42,8%) so với phiên trước và thấp hơn (-19,23%) so với mức bình quân 20 phiên."
Những ngành nào cho thấy lợi nhuận kế hoạch năm 2025 phục hồi mạnh hơn doanh thu?,"Trong đó, một số ngành như bất động sản, bán lẻ, dịch vụ tài chính, tài nguyên cơ bản, ngân hàng, viễn thông và công nghệ thông tin cho thấy lợi nhuận kế hoạch phục hồi mạnh hơn doanh thu."
Tổng số tiền phạt đối với Công ty cổ phần Chứng khoán Thủ đô là bao nhiêu?,"Tổng số tiền phạt đối với công ty là 152,5 triệu đồng."
Thông tin cụ thể về việc đóng cửa của hợp đồng tháng hiện tại VN30F2506 vào ngày 22/5 là gì?,"Hợp đồng tháng hiện tại VN30F2506 đóng cửa tại 1.402 điểm, giảm -12,5 điểm so với phiên kế trước."
VN-Index kết thúc phiên 22/5 với mức giảm điểm và điểm số cụ thể nào?,"Kết thúc phiên, VN-Index giảm -9,21 điểm (-0,69%) về mức 1.313,84 điểm."
"Theo ông Lê Đức Khánh, xác suất Ngân hàng Nhà nước điều chỉnh lãi suất trong năm 2025 là bao nhiêu và thời điểm nào được cho là phù hợp?","Xác suất điều chỉnh lãi suất trong năm nay là khoảng 30 - 40%, với thời điểm phù hợp có thể rơi vào quý III hoặc quý IV/2025, tùy thuộc vào mức độ phục hồi của kinh tế vĩ mô và hiệu quả của các biện pháp điều hành trước đó."
Công ty Chứng khoán MBS khuyến nghị chiến lược đầu tư nào cho nhà đầu tư trong giai đoạn thị trường hiện tại?,"MBS khuyến nghị nhà đầu tư giảm bớt tỷ trọng cổ phiếu để tận dụng cơ hội khi thị trường điều chỉnh, tập trung cho nhóm cổ phiếu phòng thủ (sản xuất và phân phối điện), nhóm cổ phiếu phục vụ nhu cầu nội địa (đầu tư công)..."
Yếu tố nào được nêu bật là giữ vững sự ổn định cho thị trường chứng khoán Việt Nam trong bài viết?,Chính sách linh hoạt và dòng tiền nội địa giữ vững ổn định cho thị trường chứng khoán Việt Nam.
Hợp đồng tương lai VN30F2506 đóng cửa tại mức điểm nào và thay đổi ra sao vào ngày 21/5?,"Hợp đồng tháng VN30F2506 đóng cửa tại 1.414,5 điểm, tăng +6,5 điểm so với phiên trước."
Động lực chính nào giúp VN-Index tăng điểm vào ngày 21/5?,"Đà tăng của thị trường chứng khoán hôm nay chủ yếu được hỗ trợ bởi nhóm cổ phiếu vốn hóa lớn, tập trung phần lớn trong rổ VN30 (MSN, VPB, VIC, STB, VHM…) giúp VN-Index chinh phục mốc 1.320 điểm."
"Giải thưởng tiền mặt cao nhất mà khách hàng có cơ hội nhận được từ chương trình “Khai mở vận may, đón đầu thịnh vượng” là bao nhiêu?",Cao nhất lên đến 27 triệu đồng.
"Theo đánh giá của giới chuyên gia, yếu tố nào trong năm 2025 mở ra cơ hội lớn cho kinh tế tư nhân và góp phần thúc đẩy thị trường chứng khoán?","Giới chuyên gia đánh giá, loạt nghị quyết cải cách thể chế năm 2025 mở ra cơ hội lớn cho kinh tế tư nhân tham gia sâu rộng vào các lĩnh vực chiến lược, góp phần thúc đẩy dòng vốn và nâng cao chất lượng thị trường chứng khoán."
"Tính đến ngày 14/5/2025, Kho bạc Nhà nước đã huy động được bao nhiêu tỷ đồng trái phiếu chính phủ và hoàn thành bao nhiêu phần trăm kế hoạch năm?","Tính từ đầu năm 2025 đến ngày 14/5, tổng giá trị trái phiếu chính phủ được Kho bạc Nhà nước huy động đạt gần 158.780 tỷ đồng, hoàn thành khoảng 32% so với kế hoạch phát hành 500.000 tỷ đồng trong cả năm."
Nhà sách Phương Nam đồng ý chuyển nhượng bao nhiêu cổ phiếu và tương đương bao nhiêu tỷ lệ sở hữu cho Thiên Long?,"phía Nhà sách Phương Nam cũng chính thức thông báo đồng ý chuyển nhượng hơn 8 triệu cổ phiếu, tương đương 76,8% tổng tỷ lệ sở hữu cho Thiên Long."
Chỉ số VN30 kết phiên ngày 20/5 tại bao nhiêu điểm?,"Trên thị trường cơ sở, chỉ số VN30 tăng +27,77 điểm, kết phiên tại 1.407,52 điểm."
"Tính đến ngày 16/5, nhóm doanh nghiệp nào dẫn đầu về giá trị mua lại trái phiếu trước hạn và chiếm tỷ lệ bao nhiêu trên tổng lượng mua lại?","Nhóm doanh nghiệp bất động sản tiếp tục dẫn đầu về giá trị mua lại, chiếm khoảng 53,2% tổng lượng mua lại trên thị trường, tương đương 27.416 tỷ đồng."
VN-Index đã tăng bao nhiêu điểm và đạt mức nào vào cuối phiên giao dịch ngày 20/5?,"Kết thúc phiên giao dịch, VN-Index tăng 18,86 điểm, lên mức 1.315,15 điểm."
Việc đơn giản hóa thủ tục mở tài khoản đầu tư gián tiếp theo Thông tư 03/2025/TT-NHNN mang lại kết quả cụ thể nào cho nhà đầu tư nước ngoài?,"Theo đó, nhà đầu tư nước ngoài không còn phải hợp pháp hóa lãnh sự hồ sơ khi mở tài khoản, giúp rút ngắn thời gian mở tài khoản từ vài tháng xuống còn vài ngày."
Các yếu tố nào góp phần củng cố kỳ vọng tăng trưởng khả quan cho quý II/2025?,Tín dụng tăng mạnh cùng các tín hiệu tích cực từ bất động sản và đầu tư công góp phần củng cố kỳ vọng tăng trưởng khả quan cho quý II/2025.
Nghị quyết 68-NQ/TW của Bộ Chính trị được kỳ vọng mang lại những tác động nào cho thị trường chứng khoán Việt Nam?,"Nghị quyết 68-NQ/TW của Bộ Chính trị không chỉ mở đường cho khu vực tư nhân bứt phá mà còn thổi luồng gió mới vào thị trường chứng khoán, với kỳ vọng thúc đẩy niêm yết, tăng thanh khoản và nâng vị thế thị trường vốn Việt Nam."
Mức giảm của các hợp đồng tương lai và chỉ số cơ sở trong phiên giao dịch ngày 19/5 là bao nhiêu?,"Cụ thể, các hợp đồng tương lai giảm từ -3,6 điểm đến -6,7 điểm; trong khi đó, chỉ số cơ sở giảm -4,69 điểm."
"Kết thúc phiên giao dịch ngày 19/5/2025, chỉ số VN-Index biến động ra sao và đạt mức nào?","Kết thúc phiên giao dịch, VN-Index giảm -5,1 điểm, về mức 1.296,29 điểm."
"Theo nghị quyết HĐQT SHB, ngày đăng ký cuối cùng cho cổ tức tiền mặt 2024, tỷ lệ và ngày thanh toán là gì?","Theo Nghị quyết của Hội đồng quản trị (HĐQT) của SHB, ngày 10/6/2025 là ngày đăng ký cuối cùng để cổ đông thực hiện quyền nhận cổ tức năm 2024 bằng tiền mặt với tỷ lệ 5% và ngày 20/6/2025 là ngày thanh toán tiền cho người sở hữu chứng khoán."
Khoảng bao nhiêu tỷ đồng trái phiếu doanh nghiệp ước tính sẽ đáo hạn trong 8 tháng còn lại của năm 2025?,"Trong 8 tháng còn lại của năm 2025, ước tính sẽ có khoảng 163.212 tỷ đồng trái phiếu đáo hạn."
Khối ngoại đã mua ròng bao nhiêu tỷ đồng trong tuần qua (12/5 - 16/5)?,"Khối ngoại mua ròng mạnh mẽ trong tuần qua +2,921 tỷ đồng."
Hợp đồng VN30F2506 đóng cửa tại mức điểm nào và thay đổi như thế nào trong phiên giao dịch ngày 16/5?,"Hợp đồng tháng hiện tại VN30F2506 đóng cửa tại 1.384,2 điểm, giảm -11,7 điểm so với phiên kế trước."
VN-Index đã thay đổi như thế nào và đóng cửa ở mức bao nhiêu điểm trong phiên giao dịch ngày 16/5/2025?,"Kết thúc phiên giao dịch, VN-Index giảm -11,81 điểm, về mức 1.301,39 điểm."
Mức tăng trưởng lợi nhuận của doanh nghiệp niêm yết trong quý I/2025 là bao nhiêu và nhờ vào những yếu tố nào?,"Lợi nhuận quý I/2025 của doanh nghiệp niêm yết bật tăng 22,6% nhờ nền thấp và cải thiện nội tại."
"Theo dự thảo, hệ số rủi ro đối với các khoản đầu tư vào quỹ thành viên được điều chỉnh như thế nào?","Theo dự thảo, hệ số rủi ro đối với các khoản đầu tư vào quỹ thành viên cũng được điều chỉnh đáng kể – từ 30% lên 80%."
Khối ngoại đã mua ròng bao nhiêu tỷ đồng trong tuần đầu tháng 5?,"Thống kê cho thấy, khối ngoại đã quay lại mua ròng 1.222 tỷ đồng trong tuần đầu tháng 5."
Tổng khối lượng giao dịch hợp đồng tương lai ngày 15/5 là bao nhiêu?,"Theo đó, tổng khối lượng giao dịch hợp đồng tương lai đạt 200.141 hợp đồng, trong đó riêng hợp đồng VN30F2505 đạt 163.958 hợp đồng."
"Kết thúc phiên giao dịch ngày 15/5, chỉ số VN-Index thay đổi như thế nào?","Kết thúc phiên giao dịch, VN-Index tăng 3,47 điểm, lên mức 1.313,2 điểm."
Chứng khoán Vietinbank sẽ phát hành cổ phiếu trả cổ tức từ nguồn nào và với giá trị bao nhiêu?,Chứng khoán Vietinbank phát hành cổ phiếu trả cổ tức từ lợi nhuận chưa phân phối gần 655 tỷ đồng.
Sữa Quốc tế Lof có kế hoạch mua lại tối đa bao nhiêu cổ phiếu và nhằm mục tiêu gì?,"Sữa Quốc tế Lof cũng đang lên kế hoạch mua lại tối đa 3 triệu cổ phiếu, tương đương 5% vốn điều lệ, nhằm mục tiêu giảm lượng cổ phiếu lưu hành và gia tăng giá trị cho các cổ đông hiện hữu."
Lợi nhuận sau thuế của Bao bì Mỹ Châu (MCP) năm 2024 là bao nhiêu và so với kế hoạch cũng như cùng kỳ năm 2023 thì như thế nào?,"Lợi nhuận sau thuế đạt 30,1 tỷ đồng – vượt 35% kế hoạch và tăng tới 173% so với cùng kỳ năm 2023."
"Trong tuần từ 28/4 - 9/5, những tổ chức phát hành nào có trái phiếu doanh nghiệp riêng lẻ được giao dịch nhiều nhất?","Các tổ chức phát hành có trái phiếu được giao dịch nhiều nhất bao gồm Ngân hàng TMCP Phát triển thành phố Hồ Chí Minh (6.391 tỷ đồng), Tập đoàn Vingroup - CTCP (6.110 tỷ đồng) và Ngân hàng TMCP Quốc tế Việt Nam (3.842 tỷ đồng)."
Giá trị mua ròng của khối ngoại trên thị trường chứng khoán Việt Nam trong phiên giao dịch ngày 14/5 là bao nhiêu?,Khối ngoại tiếp tục mua ròng tích cực trên thị trường chứng khoán Việt Nam với giá trị đột biến 2.266 tỷ đồng trong phiên hôm nay.
Hợp đồng VN30F2505 đóng cửa tại mức điểm nào và tăng bao nhiêu điểm so với phiên trước vào ngày 14/5?,"Hợp đồng tháng VN30F2505 đóng cửa tại 1.396,5 điểm, tăng +16,5 điểm so với phiên trước."
Lợi nhuận sau thuế của Hoa Sen sau 7 tháng đầu niên độ tài chính 2024-2025 ước đạt là bao nhiêu?,Lợi nhuận sau thuế ước đạt 460 tỷ đồng.
Cổ phiếu VPB kết phiên giao dịch ngày 14/5 ở mức giá bao nhiêu?,"Cụ thể, kết phiên giao dịch ngày 14/5, cổ phiếu Ngân hàng Thương mại CP Việt Nam Thịnh Vượng (VPBank, mã Ck: VPB) ghi nhận tăng trần lên mức 18.900 đồng/cổ phiếu - mức giá cao nhất trong vòng hơn 1 tháng qua."
Mức phạt tối đa đối với hành vi thao túng thị trường tài sản mã hóa tại Việt Nam là bao nhiêu?,Thao túng thị trường tài sản mã hóa tại Việt Nam có thể bị xử phạt tới 2 tỷ đồng.
Mức giảm của dòng vốn đầu tư trực tiếp nước ngoài (FDI) đăng ký mới vào Việt Nam trong 4 tháng đầu năm 2025 là bao nhiêu phần trăm?,"Việc Mỹ gia tăng các biện pháp bảo hộ thương mại khiến dòng vốn đầu tư trực tiếp nước ngoài (FDI) đăng ký mới vào Việt Nam tiếp tục suy giảm, với mức giảm 24% trong 4 tháng đầu năm 2025, sau khi đã giảm 3% trong cùng kỳ năm trước."
Sanest Khánh Hòa công bố tỷ lệ chi trả cổ tức năm 2024 và số tiền mỗi cổ phiếu nhận được là bao nhiêu?,"Tỷ lệ chi trả cổ tức được công bố là 11,59%, tức cổ đông sở hữu 1 cổ phiếu sẽ nhận 1.159 đồng."
"Theo các chuyên gia, nguyên nhân nào khiến giá trị phát hành trái phiếu bất động sản được dự báo sẽ tăng mạnh trong 3 quý cuối năm?","Theo các chuyên gia, áp lực tài chính lên các doanh nghiệp bất động sản sẽ tiếp tục cao trong thời gian tới, điều này khiến giá trị phát hành trái phiếu cũng sẽ tăng mạnh trong 3 quý cuối năm."
"Theo bài viết, xác suất thị trường chứng khoán Việt Nam được nâng hạng trong kỳ đánh giá tháng 9/2025 như thế nào và nhờ vào đâu?","Xác suất thị trường chứng khoán Việt Nam được nâng hạng trong kỳ đánh giá tháng 9/2025 là tương đối sáng, nhờ sự phối hợp rõ rệt giữa hạ tầng công nghệ, cải cách thể chế và quyết tâm chính sách."
Tập đoàn Đua Fat bị xử phạt bao nhiêu tiền và vì lý do gì?,Tập đoàn Đua Fat bị xử phạt 470 triệu đồng do có nhiều vi phạm về công bố thông tin.
"Bài viết ""Đầu tư công bứt tốc, thị trường vật liệu và xây lắp đón sóng tăng trưởng"" được đăng vào ngày nào?",Ngày đăng: 13/05/2025.
Thanh khoản thị trường chứng khoán phái sinh ngày 13/5 thay đổi như thế nào so với phiên trước?,Thanh khoản thị trường chứng khoán phái sinh thu hẹp với phiên trước.
Giao dịch khối ngoại ngày 13/5 có điểm gì nổi bật và giá trị ròng là bao nhiêu trên toàn thị trường?,Giao dịch khối ngoại bất ngờ trở thành điểm sáng khi đảo chiều mua ròng mạnh tay ﻿985 tỷ đồng trên toàn thị trường.
"PPH đã giải trình nguyên nhân lợi nhuận quý I/2025 tăng 13,5% như thế nào?","Theo giải trình của PPH, nguyên nhân lợi nhuận tăng là do: ""trong quý I/2025 tình hình nhìn chung có nhiều cải thiện. Ngành dệt may Việt Nam ghi nhận sự phục hồi và tăng trưởng tích cực, thể hiện qua các chỉ số xuất khẩu và kết quả kinh doanh khả quan của nhiều doanh nghiệp trong ngành. Bên cạnh đó, Tổng công ty đã chủ động triển khai linh hoạt các chiến lược kinh doanh phù hợp với bối cảnh thị trường...""."
Vinpearl niêm yết bao nhiêu cổ phiếu trên HOSE và được định giá bao nhiêu?,"Vinpearl niêm yết gần 1,8 tỷ cổ phiếu trên HOSE, định giá gần 130.000 tỷ đồng."
Vì sao Công ty cổ phần Sức khỏe hồi sinh Việt Nam bị phạt 150 triệu đồng?,"Do có hành vi công bố thông tin sai lệch đối với báo cáo tình hình QTCT năm 2020. Cụ thể, tại BCTC năm 2020, công ty có phát sinh giao dịch với bên liên quan là thu hồi khoản tạm ứng 18 tỷ đồng của Tổng Giám đốc - ông Lưu Quang Thịnh chuyển sang cho bà Phan Thị Thanh Huyền vay, tuy nhiên tại báo cáo tình hình QTCT năm 2020, mục VII.2. “Giao dịch giữa Công ty với người có liên quan của Công ty...” Công ty nêu “không có”."
Thỏa thuận Mỹ-Trung quy định việc cắt giảm thuế đối ứng ở mức nào và trong bao lâu?,hai bên cùng nhất trí cắt giảm 115% thuế đối ứng đánh vào hàng hóa của nhau trong 90 ngày.
Các hợp đồng tương lai và chỉ số cơ sở tăng bao nhiêu điểm vào ngày 12/5?,"Theo đó, các hợp đồng tương lai tăng từ +23,5 điểm đến +25,7 điểm; trong khi đó, chỉ số cơ sở tăng +19,79 điểm."
Chỉ số VN-Index đã tăng bao nhiêu điểm và đạt mức nào vào cuối phiên giao dịch ngày 12/5?,"Kết thúc phiên giao dịch, VN-Index tăng 15,95 điểm, lên mức 1.283,26 điểm."
"Theo giới chuyên gia, giai đoạn nào được dự báo sẽ là 'thử lửa' về sức chịu đựng của doanh nghiệp niêm yết?",Khả năng quý II sẽ là giai đoạn ‘thử lửa’ về sức chịu đựng của doanh nghiệp niêm yết.
"Theo VDSC, mức định giá hiện tại của thị trường là gì và chiến lược phân bổ danh mục nào được cho là phù hợp?","Về tổng thể, mức định giá hiện tại của thị trường là phù hợp để tích lũy cổ phiếu trong dài hạn. Tuy nhiên, nhằm đối phó với sự bất định gia tăng và rủi ro kinh tế tiềm ẩn, chiến lược phân bổ danh mục có xu hướng phòng thủ sẽ phù hợp trong giai đoạn hiện tại."
VN-Index đã tăng bao nhiêu phần trăm và đạt mức điểm nào vào cuối tuần giao dịch 5/5 - 9/5/2025?,"Kết tuần VN-Index tăng +3,34% lên mức 1.267,30 điểm."
Thị trường chứng khoán đã ghi nhận thêm bao nhiêu tài khoản giao dịch mở mới trong tháng 4/2025?,"Theo thống kê từ Tổng công ty Lưu ký và Bù trừ chứng khoán Việt Nam (VSDC), thị trường chứng khoán đã ghi nhận thêm 194 nghìn tài khoản giao dịch mở mới trong tháng 4, tăng mạnh so với tháng trước đó và chạm mức cao nhất 8 tháng qua."
Đâu là yếu tố then chốt giúp MPC thoát khỏi quỹ đạo lỗ và chuyển sang có lãi trong quý I/2025?,"Nỗ lực cắt giảm mạnh chi phí bán hàng và quản lý doanh nghiệp, giảm tới 24,9% so với cùng kỳ, tương đương giảm 58,4 tỷ đồng, chỉ còn 176,1 tỷ đồng."
Thông tư số 20/2025/TT-BTC có hiệu lực thi hành kể từ ngày nào?,Thông tư này có hiệu lực thi hành kể từ ngày 20/6/2025.
Masan đặt mục tiêu lợi nhuận cho năm 2025 là bao nhiêu?,Masan đặt mục tiêu lợi nhuận năm 2025 đến 6.500 tỷ đồng.
Dòng vốn rút ròng lũy kế từ các quỹ ETF trong 4 tháng đầu năm 2025 là bao nhiêu?,"Tính chung 4 tháng đầu năm 2025, dòng vốn rút ròng lũy kế từ các quỹ ETF lên tới gần 6.590 tỷ đồng, thấp hơn khoảng 24% so với cùng kỳ năm ngoái."
Khuyến nghị của ông Bùi Nguyên Khoa về tỷ trọng vay nợ margin và cổ phiếu cho nhà đầu tư là gì?,nhà đầu tư nên giảm tỷ trọng vay nợ margin và tỷ trọng cổ phiếu xuống để tránh rủi ro thị trường biến động.
"Theo đánh giá của FTSE Russell vào tháng 3/2025, hai tiêu chí nào của thị trường chứng khoán Việt Nam vẫn còn ở trạng thái “Restricted”?","Theo đánh giá mới nhất của FTSE Russell trong tháng 3/2025 cho thấy, vẫn còn hai tiêu chí quan trọng đang ở trạng thái “Restricted”, gồm cơ chế thanh toán giao hàng đối ứng và quy trình xử lý giao dịch thất bại."
Hợp đồng VN30F2505 đóng cửa ở mức giá nào và thay đổi bao nhiêu điểm trong phiên giao dịch ngày 9/5/2025?,"Hợp đồng tháng hiện tại VN30F2505 đóng cửa tại 1.350,5 điểm, giảm -4,5 điểm so với phiên kế trước."
Chỉ số VN-Index kết thúc phiên giao dịch ngày 9/5 ở mức nào?,"Kết thúc phiên giao dịch, VN-Index giảm -2,5 điểm, về mức 1.267,3 điểm."
Buổi làm việc giữa Lãnh đạo Ủy ban Chứng khoán Nhà nước và đại diện Ngân hàng Thế giới nhằm mục đích gì?,Trao đổi về các giải pháp kỹ thuật phục vụ mục tiêu nâng hạng thị trường chứng khoán Việt Nam.
Giá trị vốn hóa cổ phiếu trên HOSE đạt bao nhiêu trong tháng 4/2025?,"Giá trị vốn hóa cổ phiếu trên HOSE đạt hơn 5,12 triệu tỷ đồng trong tháng 4."
Hợp đồng VN30F2505 ngày 8/5/2025 đóng cửa tại mức điểm nào và tăng bao nhiêu điểm so với phiên trước?,"Hợp đồng tháng VN30F2505 đóng cửa tại 1.355 điểm, tăng +30 điểm so với phiên trước."
Mục tiêu lợi nhuận trước thuế năm 2025 của VNDIRECT là bao nhiêu?,VNDIRECT đặt mục tiêu lợi nhuận trước thuế 2025 đạt 2.300 tỷ đồng.
Cổ phiếu nào được khối ngoại mua ròng mạnh nhất toàn thị trường trong phiên ngày 8/5 và với giá trị bao nhiêu?,"Chiều mua, VIC được mua ròng mạnh nhất toàn thị trường với giá trị 145 tỷ đồng."
Vì sao HOSE đưa cổ phiếu PSH sang diện kiểm soát từ ngày 14/5/2025?,Do chậm nộp báo cáo tài chính kiểm toán năm 2024 quá 30 ngày so với quy định.
"Theo giải trình từ PHR, yếu tố nào đã giúp lợi nhuận ròng quý I/2025 tăng trưởng dù doanh thu giảm?","Theo giải trình từ PHR, mặc dù doanh thu giảm, lợi nhuận ròng vẫn ghi nhận tăng trưởng nhờ giá bán cao su trong quý I tăng so với cùng kỳ năm trước. Bên cạnh đó, hoạt động cho thuê đất và hạ tầng khu công nghiệp tiếp tục mang lại giá trị gia tăng, trong đó riêng một khoản doanh thu ghi nhận một lần trong quý đạt 14,5 tỷ đồng."
"Theo ông Trần Ngọc Báu, yếu tố nào sẽ là ""chất xúc tác"" quan trọng nhất giúp VN-Index có thể bứt phá rõ nét trong nửa cuối năm 2025?",Chất xúc tác quan trọng nhất đối với thị trường hiện nay là tiến trình đàm phán thuế quan.
Vốn điều lệ của SHS đã chính thức được nâng lên bao nhiêu sau hai đợt phát hành cổ phiếu gần đây?,"Mới đây, Công ty CP Chứng khoán Sài Gòn - Hà Nội (SHS) đã hoàn tất 2 đợt phát hành cổ phiếu nhằm trả cổ tức và tăng vốn cổ phần từ nguồn vốn chủ sở hữu, qua đó chính thức nâng vốn điều lệ lên gần 8.945 tỷ đồng."
"Lũy kế 4 tháng đầu năm 2025, tổng khối lượng vốn huy động từ kênh đấu thầu trái phiếu chính phủ là bao nhiêu?","Lũy kế 4 tháng đầu năm 2025, tổng khối lượng vốn huy động từ kênh đấu thầu trái phiếu chính phủ đã đạt 152.867 tỷ đồng, tương ứng 30,6% kế hoạch năm."
Cổ phiếu VPL của Vinpearl sẽ chào sàn HOSE vào ngày nào và với giá tham chiếu là bao nhiêu?,Cổ phiếu VPL của Vinpearl sẽ chào sàn HOSE ngày 13/5 với giá tham chiếu 71.300 đồng/cổ phiếu.
Kênh phát hành trái phiếu ra công chúng trong tháng 4 có tổng giá trị bao nhiêu?,"Chỉ có một đợt phát hành trái phiếu công chúng được thực hiện, với tổng giá trị 4.000 tỷ đồng, giảm 73% so với tháng trước."
Khối lượng giao dịch bình quân sản phẩm hợp đồng tương lai chỉ số VN30 trong tháng 4/2025 đã tăng bao nhiêu phần trăm so với tháng trước?,"Tháng 4/2025, thị trường chứng khoán phái sinh có khối lượng giao dịch (KLGD) bình quân sản phẩm hợp đồng tương lai chỉ số VN30 đạt 263.995 hợp đồng, tăng 50,77%, tương ứng GTGD bình quân đạt 33.700 tỷ đồng (theo danh nghĩa hợp đồng) tăng 39,62% so với tháng trước."
Chỉ tiêu lợi nhuận trước thuế Vietravel đề ra cho năm 2025 là bao nhiêu?,50 tỷ đồng
Tổng khối lượng giao dịch của các hợp đồng tương lai trên thị trường chứng khoán phái sinh ngày 7/5 là bao nhiêu?,tổng khối lượng giao dịch của các hợp đồng tương lai đạt 142.748 hợp đồng
"Kết thúc phiên giao dịch ngày 07/5, VN-Index tăng bao nhiêu điểm và đóng cửa ở mức nào?","Kết thúc phiên giao dịch, VN-Index tăng 8,42 điểm, lên mức 1.250,37 điểm."
